n,IC,hit_rate,strat_mean,strat_sharpe,signal,instrument,horizon
130,0.044291196110830405,0.5615384615384615,0.0004990901056430476,0.09159818658217365,tsmom_12m,EURUSD,21
130,-0.012008903576451952,0.5461538461538461,0.0007363980220289945,0.10150432268984787,tsmom_12m,GBPUSD,21
130,0.056319217796228276,0.5692307692307692,0.0020559161213882494,0.2897056611087598,tsmom_12m,USDJPY,21
130,-0.05119556459872454,0.47692307692307695,0.00011998677637249804,0.014316938628729015,tsmom_12m,AUDUSD,21
130,-0.10791080036597522,0.45384615384615384,-0.0013056210877326181,-0.22228074106504916,tsmom_12m,USDCHF,21
130,-0.21769790656707041,0.45384615384615384,-0.0028646192646123183,-0.5237022593612558,tsmom_12m,USDCAD,21
130,0.09715549850469077,0.5769230769230769,0.005411978204997796,0.4449029800887214,tsmom_12m,XAUUSD,21
130,-0.045744172390719526,0.4846153846153846,0.0031395228008402375,0.1288684462880598,tsmom_12m,XAGUSD,21
130,-0.10674186456185392,0.5076923076923077,-0.009999277585658937,-0.25716961194898086,tsmom_12m,USOIL,21
130,-0.09820972565513662,0.47692307692307695,-0.005605175832081742,-0.17372608854713248,tsmom_12m,UKOIL,21
130,-0.023501618211364348,0.5153846153846153,0.0003767325182368066,0.007654169500859863,tsmom_12m,NATGAS,21
130,-0.11090961231206216,0.6153846153846154,0.003531383228323717,0.2533496437276267,tsmom_12m,ES1!,21
130,-0.003372980649742588,0.6461538461538462,0.009374716710363225,0.5393567515936897,tsmom_12m,NQ1!,21
130,0.03249805404962514,0.5153846153846153,-0.0006525784802934138,-0.11979791787113833,tsmom_12m_skip1m,EURUSD,21
130,0.0220650288820003,0.5461538461538461,0.0005110209977791162,0.07042279929447519,tsmom_12m_skip1m,GBPUSD,21
130,-0.0014502451214682707,0.5384615384615384,0.0005645819623942667,0.07929906644658127,tsmom_12m_skip1m,USDJPY,21
130,-0.0820194185363722,0.5,0.001990365094867317,0.2380547017280821,tsmom_12m_skip1m,AUDUSD,21
130,-0.09269278564503133,0.46923076923076923,-0.0006930985639978361,-0.11782394056677213,tsmom_12m_skip1m,USDCHF,21
130,-0.15983558426306518,0.46923076923076923,-0.001708315181064896,-0.3100176745992301,tsmom_12m_skip1m,USDCAD,21
130,0.0825820371710661,0.5692307692307692,0.0034568058197864777,0.2827859034172808,tsmom_12m_skip1m,XAUUSD,21
130,-0.043521009436152336,0.5153846153846153,0.0018516561932715098,0.0759706588893205,tsmom_12m_skip1m,XAGUSD,21
130,-0.1179450764041568,0.49230769230769234,-0.014459360901453515,-0.37300956480263675,tsmom_12m_skip1m,USOIL,21
130,-0.12927938385066026,0.45384615384615384,-0.011515089013814091,-0.3583627055879602,tsmom_12m_skip1m,UKOIL,21
130,0.009048327848256838,0.49230769230769234,-0.0031497540685199834,-0.06400519682827173,tsmom_12m_skip1m,NATGAS,21
130,-0.09789837359516038,0.6230769230769231,0.006807955337028411,0.4920343072483823,tsmom_12m_skip1m,ES1!,21
130,-0.025965123106965818,0.6692307692307692,0.013447099689313416,0.783845217064365,tsmom_12m_skip1m,NQ1!,21
139,0.00813709281022387,0.539568345323741,-0.0005905488977801796,-0.10561114672809399,tsmom_3m,EURUSD,21
139,0.004396979310961168,0.5323741007194245,-0.0017792967469861544,-0.2515645933536018,tsmom_3m,GBPUSD,21
139,0.06299209079941015,0.5971223021582733,0.0021781156850497817,0.3095757078139072,tsmom_3m,USDJPY,21
139,-0.17780061664953747,0.41007194244604317,-0.00298577480738797,-0.35565624463101775,tsmom_3m,AUDUSD,21
139,-0.1856204477411859,0.460431654676259,-0.0018561747806139235,-0.3155684916328451,tsmom_3m,USDCHF,21
139,-0.13568970910228337,0.5107913669064749,-0.0015301974363831955,-0.2700382511974318,tsmom_3m,USDCAD,21
139,0.02590821752535859,0.5611510791366906,0.004550485874374188,0.3667128769262335,tsmom_3m,XAUUSD,21
139,-0.15855489521426336,0.381294964028777,-0.010537356720202047,-0.4352569977260543,tsmom_3m,XAGUSD,21
139,-0.061785602573841546,0.5251798561151079,-0.0011271332164126168,-0.02889996902012877,tsmom_3m,USOIL,21
139,-0.11547879708655436,0.49640287769784175,-0.005012086879549358,-0.15241096114456457,tsmom_3m,UKOIL,21
139,-0.04839358327002993,0.5035971223021583,0.0026386412085076254,0.055289072368221254,tsmom_3m,NATGAS,21
139,-0.20207337235801417,0.5323741007194245,-0.00025522809823566285,-0.01861069470819087,tsmom_3m,ES1!,21
139,-0.18902095714732559,0.5899280575539568,0.0014327105558863558,0.08303368388771337,tsmom_3m,NQ1!,21
133,0.04050662613113516,0.518796992481203,0.0012009141623117278,0.2319486179276982,trend_200,EURUSD,21
133,-0.0384917517674784,0.49624060150375937,0.0007188548920729683,0.10415566406870239,trend_200,GBPUSD,21
133,0.016792320013058425,0.5413533834586466,-0.00018851377200794004,-0.025484043374313745,trend_200,USDJPY,21
133,-0.11977025331306555,0.5037593984962406,-0.0024471009514736913,-0.3217210821373663,trend_200,AUDUSD,21
133,-0.15486477387498596,0.45864661654135336,-0.0024384844059179367,-0.44679716302479766,trend_200,USDCHF,21
133,-0.19146407402495383,0.42857142857142855,-0.002780841679666982,-0.5144530486431731,trend_200,USDCAD,21
133,-0.010553860907356586,0.46616541353383456,0.001523341564544247,0.11311008172623689,trend_200,XAUUSD,21
133,-0.14094938839636403,0.45112781954887216,0.0004895569965294467,0.018023001846021028,trend_200,XAGUSD,21
133,-0.0012803378867793636,0.5263157894736842,0.0012398601217618395,0.03492822888644643,trend_200,USOIL,21
133,-0.055197355668683244,0.5112781954887218,0.0068305494533201,0.20421980184778513,trend_200,UKOIL,21
133,-0.11943359076116342,0.47368421052631576,-0.01894263826948878,-0.4067751999949433,trend_200,NATGAS,21
133,-0.05173891309005213,0.6691729323308271,0.00469734744094125,0.3479165152510039,trend_200,ES1!,21
133,-0.05332530784219708,0.631578947368421,0.007564917313902209,0.4535796359780873,trend_200,NQ1!,21
140,0.02435547003126982,0.4714285714285714,0.001268938279192805,0.22571738164004937,trend_50,EURUSD,21
140,0.02474032931709344,0.5571428571428572,0.00239848890516408,0.35469213536108085,trend_50,GBPUSD,21
140,0.047088408300715055,0.5285714285714286,0.0018297005050124588,0.24879493109801493,trend_50,USDJPY,21
140,-0.060016181583608504,0.4785714285714286,-0.000525923301212108,-0.07235019955595162,trend_50,AUDUSD,21
140,-0.10864402702761805,0.42142857142857143,-0.0014900393378829908,-0.2617894482472999,trend_50,USDCHF,21
140,-0.12304563643917696,0.40714285714285714,0.0002050985233332208,0.03674912467739537,trend_50,USDCAD,21
140,-0.000481074107279526,0.4857142857142857,0.002936054108505356,0.2260624413871124,trend_50,XAUUSD,21
140,-0.16637291990116118,0.38571428571428573,-0.010300812581574587,-0.3776634919371188,trend_50,XAGUSD,21
140,-0.04231265443572194,0.42142857142857143,-0.006588108430186125,-0.1830967486968729,trend_50,USOIL,21
140,-0.05131748704379961,0.4357142857142857,-0.0019768403293049758,-0.06242118130895243,trend_50,UKOIL,21
140,-0.0028470840348997404,0.4357142857142857,-0.014670412438711034,-0.3359726807605239,trend_50,NATGAS,21
140,-0.13885548096477227,0.5928571428571429,0.0012627986226637791,0.09459898841896554,trend_50,ES1!,21
140,-0.1463558636373576,0.5642857142857143,-0.0018562673452757424,-0.10794825684019438,trend_50,NQ1!,21
598,0.05478178436641361,0.5066889632107023,0.00043850862953355744,0.28960550970837723,reversal_5,EURUSD,5
598,0.028298201466795396,0.5016722408026756,0.0002534001333427418,0.13960377485625877,reversal_5,GBPUSD,5
598,0.03159664072087114,0.5083612040133779,-0.0002117916271129604,-0.12030645621804295,reversal_5,USDJPY,5
598,0.036585319661439165,0.5150501672240803,0.00018954587295355447,0.09838291834509913,reversal_5,AUDUSD,5
598,0.08356950496952968,0.5234113712374582,0.0006176184701399366,0.3823869377335935,reversal_5,USDCHF,5
598,-0.0015544133473549733,0.4983277591973244,7.097255080014116e-05,0.053584267876723865,reversal_5,USDCAD,5
598,0.06728229676643808,0.5150501672240803,0.0009868460204197293,0.2925002592909154,reversal_5,XAUUSD,5
598,0.0390682958457594,0.5066889632107023,0.002466297909661165,0.3641039252815728,reversal_5,XAGUSD,5
598,-0.016516409889605253,0.4765886287625418,-0.004176059661717185,-0.4020485623612276,reversal_5,USOIL,5
598,-0.019921608475698478,0.5,-0.0012516509368042078,-0.15613685226406443,reversal_5,UKOIL,5
598,0.033275657408880686,0.5066889632107023,0.007169937742667328,0.5269382186725999,reversal_5,NATGAS,5
598,0.011211410736801352,0.4682274247491639,-0.00027872904911929063,-0.0933793207529596,reversal_5,ES1!,5
598,0.00687400239818643,0.47157190635451507,-0.00045414373362672155,-0.12008428995944637,reversal_5,NQ1!,5
141,-0.00246585898368937,0.5035460992907801,0.002374072120274215,0.4141041875842038,reversal_21,EURUSD,21
141,-0.009717881758636929,0.41843971631205673,-0.0024086437162248067,-0.3389441792433199,reversal_21,GBPUSD,21
141,-0.12635386788818012,0.475177304964539,-0.001666392589341497,-0.2380529332300554,reversal_21,USDJPY,21
141,0.02401643905989126,0.5177304964539007,-0.0006719607056597216,-0.07989416707003663,reversal_21,AUDUSD,21
141,0.03147823108865962,0.5531914893617021,0.0005468114584619076,0.0913366137476533,reversal_21,USDCHF,21
141,0.06901836551222226,0.48936170212765956,-2.189379632063884e-05,-0.0038257669179943953,reversal_21,USDCAD,21
141,-0.10141273170940536,0.48226950354609927,-0.004511979678437978,-0.3648200408117336,reversal_21,XAUUSD,21
141,0.008566291365212551,0.5460992907801419,0.001510232881245992,0.06220202975349985,reversal_21,XAGUSD,21
141,-0.08081253478316709,0.46099290780141844,-0.00519382015717929,-0.1324288593788503,reversal_21,USOIL,21
141,-0.11707264865790486,0.475177304964539,-0.014358149667199002,-0.4349872362165767,reversal_21,UKOIL,21
141,0.07804700543687657,0.5106382978723404,0.00672145300498908,0.14021527947770296,reversal_21,NATGAS,21
141,0.10551393467186095,0.46099290780141844,0.0006408912262751881,0.04684451239743923,reversal_21,ES1!,21
141,0.08893360160965794,0.46808510638297873,0.0010852773842853513,0.06310463470245072,reversal_21,NQ1!,21
130,0.054123366425869526,0.5615384615384615,0.0004990901056430476,0.09159818658217365,vol_scaled_mom,EURUSD,21
130,8.466591104617022e-05,0.5461538461538461,0.0007363980220289945,0.10150432268984787,vol_scaled_mom,GBPUSD,21
130,0.04431850769503885,0.5692307692307692,0.0020559161213882494,0.2897056611087598,vol_scaled_mom,USDJPY,21
130,-0.02514577558071256,0.47692307692307695,0.00011998677637249804,0.014316938628729015,vol_scaled_mom,AUDUSD,21
130,-0.1038686859031258,0.45384615384615384,-0.0013056210877326181,-0.22228074106504916,vol_scaled_mom,USDCHF,21
130,-0.21647980991137392,0.45384615384615384,-0.0028646192646123183,-0.5237022593612558,vol_scaled_mom,USDCAD,21
130,0.12788649305602973,0.5769230769230769,0.005411978204997796,0.4449029800887214,vol_scaled_mom,XAUUSD,21
130,-0.03511996613363558,0.4846153846153846,0.0031395228008402375,0.1288684462880598,vol_scaled_mom,XAGUSD,21
130,-0.026281937483783744,0.5076923076923077,-0.009999277585658937,-0.25716961194898086,vol_scaled_mom,USOIL,21
130,-0.027975255704707148,0.47692307692307695,-0.005605175832081742,-0.17372608854713248,vol_scaled_mom,UKOIL,21
130,-0.006994496715781999,0.5153846153846153,0.0003767325182368066,0.007654169500859863,vol_scaled_mom,NATGAS,21
130,-0.13257316090619836,0.6153846153846154,0.003531383228323717,0.2533496437276267,vol_scaled_mom,ES1!,21
130,-0.07908069207554384,0.6461538461538462,0.009374716710363225,0.5393567515936897,vol_scaled_mom,NQ1!,21
